{
  "n_evaluations": 450,
  "conditions": {
    "control": {
      "n": 150,
      "theta": 0.28379410920832787,
      "theta_se": 0.10012531462501682,
      "theta_degrees": 16.26020470831196,
      "distribution": {
        "L": 121,
        "O": 26,
        "C": 2,
        "N": 1
      },
      "mean_confidence": 0.8173333333333332
    },
    "weak": {
      "n": 150,
      "theta": 0.0,
      "theta_se": 0.0,
      "theta_degrees": 0.0,
      "distribution": {
        "L": 124,
        "O": 26
      },
      "mean_confidence": 0.8029999999999997
    },
    "strong": {
      "n": 150,
      "theta": 0.0,
      "theta_se": 0.0,
      "theta_degrees": 0.0,
      "distribution": {
        "L": 143,
        "O": 7
      },
      "mean_confidence": 0.8039999999999998
    }
  },
  "comparisons": [
    {
      "comparison": "control vs weak",
      "delta_theta": -0.28379410920832787,
      "delta_theta_degrees": -16.26020470831196,
      "chi2": 3.074380165289256,
      "p_value": 0.38029878454130767,
      "significant": 